1,自然、和谐、共生、探索、简洁、融合、敬畏、理解、之美、平衡、,敬畏自然、和谐共生、理解之美
2,思维、之道、救赎、因果、悲悯、之心、盈利、转型、流量、探求、,思维之道、悲悯之心、探求真理
3,自我、独立、心灵、热爱、栖居、认识、思想、定位、女性、发现、,自我认知、女性独立、热爱生活
1,自然、和谐、共生、探索、简洁、融合、敬畏、理解、之美、平衡、,敬畏自然、和谐共生、理解之美
2,思维、之道、救赎、因果、悲悯、之心、盈利、转型、流量、探求、,思维之道、悲悯之心、探求真理
3,自我、独立、心灵、热爱、栖居、认识、思想、定位、女性、发现、,自我认知、女性独立、热爱生活
1,自然、和谐、共生、探索、简洁、融合、敬畏、理解、之美、平衡、,敬畏自然、和谐共生、理解之美
2,思维、之道、救赎、因果、悲悯、之心、盈利、转型、流量、探求、,思维之道、悲悯之心、探求真理
3,自我、独立、心灵、热爱、栖居、认识、思想、定位、女性、发现、,自我认知、女性独立、热爱生活
1,自然、和谐、共生、探索、简洁、融合、敬畏、理解、之美、平衡、,敬畏自然、和谐共生、理解之美
2,思维、之道、救赎、因果、悲悯、之心、盈利、转型、流量、探求、,思维之道、悲悯之心、探求真理
3,自我、独立、心灵、热爱、栖居、认识、思想、定位、女性、发现、,自我认知、女性独立、热爱生活
