1,自然、和谐、共生、探索、简洁、融合、敬畏、理解、之美、平衡、,"“天人合一，道法自然。”――《老子》

“万物并育而不相害，道并行而不相悖。”――《中庸》

“大音希声，大象无形。”――《道德经》

“探索未知，启迪心灵。”――自创

“简约而不简单，至臻至美。”――自创

“各美其美，美人之美，美美与共，天下大同。”――费孝通

“天行健，君子以自强不息；地势坤，君子以厚德载物。”――《周易》

“理解万岁，共生共荣。”――自创

“平衡之道，在于调和与节制。”――自创

“敬畏自然，谦卑处世。”――自创

（注：以上“价值原型”部分来源于经典文献，部分为自创，旨在简洁、直接地表达普遍价值或情感。）"
2,思维、之道、救赎、因果、悲悯、之心、盈利、转型、流量、探求、,"“思维决定出路，救赎在于心转。”――自创

“盈利之道，流量为王；转型之路，探求不息。”――自创

“悲悯之心，因果之循，皆为人道。”――自创"
1,自然、和谐、共生、探索、简洁、融合、敬畏、理解、之美、平衡、,"根据您的需求，以下是从提供的关键词中综合分析得出的三个“核心价值”以及相应的“价值原型”：

核心价值一：自然与和谐共生之美
这句话深刻表达了自然界万物之间和谐相处的美丽景象，体现了对自然的敬畏和理解。它呼唤人们去探索和珍视自然，寻求与自然的平衡与融合。

价值原型：
“天人合一”――中国古代哲学思想

核心价值二：简洁融合的探索之道
这句话强调了简洁与融合在探索过程中的重要性。在纷繁复杂的世界中，通过简洁的方式去理解和解决问题，实现不同元素的融合，是探索的精髓所在。

价值原型：
“大道至简”――中国古代道家思想

核心价值三：平衡中的敬畏与理解
这句话揭示了平衡的真谛，即在追求平衡的过程中，我们需要对万物保持敬畏之心，深入理解它们的本质和规律。只有这样，我们才能真正实现与世界的和谐共生。

价值原型：
“中庸之道”――中国古代儒家思想

希望这些“核心价值”和“价值原型”能够满足您的需求。"
2,思维、之道、救赎、因果、悲悯、之心、盈利、转型、流量、探求、,"根据您的需求，以下是从三个不同角度凝练出的“核心价值”以及相应的“价值原型”：

**核心价值一：思维之道，探求真理**
- 价值原型：“学而不思则罔，思而不学则殆。”――《论语・为政》
   
**解释**：这句价值原型强调了思维与学习的紧密关系，在探求真理的道路上，二者缺一不可。它呼应了“思维之道”的核心价值，提醒我们在不断学习的同时，也要保持独立思考的能力，以更深入地理解世界。

**核心价值二：悲悯之心，救赎灵魂**
- 价值原型：“人之初，性本善；性相近，习相远。”――《三字经》

**解释**：此价值原型体现了人性本善的观念，暗示了每个人都具有潜在的悲悯之心。通过发掘和培养这份善心，我们可以实现自我救赎，甚至救赎他人。这与“悲悯之心，救赎灵魂”的核心价值相契合，强调了内在善良的重要性。

**核心价值三：盈利转型，流量先行**
- 价值原型：“天下熙熙，皆为利来；天下攘攘，皆为利往。”――《史记・货殖列传》

**解释**：这句价值原型描绘了人们为利益而奔波的景象，与现代社会中企业追求盈利、转型发展的现实相呼应。在“盈利转型，流量先行”的核心价值中，流量成为了实现盈利转型的关键因素。通过吸引和保持流量，企业可以在激烈的市场竞争中脱颖而出，实现可持续发展。"
3,自我、独立、心灵、热爱、栖居、认识、思想、定位、女性、发现、,"根据您的需求，以下是从三个不同角度凝练出的“核心价值”以及相应的“价值原型”：

**核心价值一**： 自我探索与独立精神是女性成长的基石，热爱与栖居内心方能找到生命的真谛。
**价值原型一**： “竹杖芒鞋轻胜马，谁怕？一蓑烟雨任平生。”――苏轼《定风波》
*解释：* 这句诗表达了独立自我、无惧风雨的精神，与女性追求自我探索和独立成长的核心价值相呼应。

**核心价值二**： 思想的深度决定人生的高度，定位准确才能发现心灵的归宿。
**价值原型二**： “认识你自己。”――古希腊哲学家苏格拉底的名言
*解释：* 这句话强调了认识自我的重要性，与核心价值中强调思想深度和准确定位以找到心灵归宿的观点相契合。

**核心价值三**： 发现生活中的美好，以热爱之心栖居于每一个当下。
**价值原型三**： “生活中不是缺少美，而是缺少发现美的眼睛。”――法国雕塑家罗丹的名言
*解释：* 这句话鼓励人们去发现生活中的美，与核心价值中倡导以热爱之心栖居于每一个当下的理念相一致。"
1,自然、和谐、共生、探索、简洁、融合、敬畏、理解、之美、平衡、,"根据您的需求，以下是从“自然、和谐、共生、探索、简洁、融合、敬畏、理解、之美、平衡”这些关键词中提炼出的3个价值原型，供您参考：

1. “天人合一，和谐共生。”――这句富有中国古典哲学韵味的话语，表达了人类与自然和谐相处的理想状态，体现了对自然的敬畏与理解，以及追求平衡共生的深刻内涵。

2. “简约而不简单，融合中见真谛。”――这句话以简洁的语言，阐述了简洁与融合的美学价值。在纷繁复杂的世界中，追求简洁、融合，更能体现事物的本质与真谛，彰显一种内敛而深刻的美。

3. “探索未知，敬畏自然，理解生命之美。”――这句话融合了探索、敬畏与理解三个关键词，传达了人类在探索未知世界的过程中，应保持对自然的敬畏之心，深刻理解生命之美的价值追求。它鼓励人们在探索中寻求与自然的和谐共生，领悟生命的真谛与平衡之道。"
2,思维、之道、救赎、因果、悲悯、之心、盈利、转型、流量、探求、,"根据您的需求，以下是从“思维、之道、救赎、因果、悲悯、之心、盈利、转型、流量、探求”这些关键词中提炼出的3个价值原型：

1. “思接千载，视通万里。”――思维之道，启迪心灵，探索无垠。
   这句话以古典诗意的方式表达了思维的深邃与广阔，强调了思维的重要性及其带来的启迪与探索力量。

2. “盈千累万，不如救人一难。”――盈利之余，悲悯之心，救赎之道。
   这句话将商业盈利与人性悲悯相结合，传达了在追求物质利益的同时，不应忽视对他人的关怀与救赎。

3. “流量如海，转型如舟。”――流量之中，探求因果，转型之路。
   这句话以流量和转型为喻，表达了在现代社会变革中，需要不断探求因果规律，寻找适合自己的转型之路。"
3,自我、独立、心灵、热爱、栖居、认识、思想、定位、女性、发现、,"根据您的需求，以下是从“自我、独立、心灵、热爱、栖居、认识、思想、定位、女性、发现”这些关键词中提炼出的3个价值原型，供您参考：

1. “认识你自己，方能认识人生。”――高度概括了自我认知的重要性，通过认识自我来更好地理解人生，体现了深刻性和哲理性，同时能够唤起人们对自我探索的渴望。

2. “独立之精神，自由之思想。”――凝练了独立与思想的精髓，表达了追求精神独立和思想自由的普遍价值，能够激发人们对独立思考和自主精神的共鸣。

3. “热爱可抵岁月漫长，心灵栖居诗意远方。”――融合了热爱、心灵与栖居的元素，传达了用热爱去抵御时光流逝，让心灵在诗意中找到归宿的美好愿景，触动人们对内心世界的向往和对美好生活的追求。"
1,自然、和谐、共生、探索、简洁、融合、敬畏、理解、之美、平衡、,"“天人合一，道法自然。”――强调自然与和谐共生的智慧。

“大音希声，大象无形。”――老子思想中的简洁与融合之美。

“万物并育而不相害，道并行而不相悖。”――《中庸》中的平衡与共生之哲。"
2,思维、之道、救赎、因果、悲悯、之心、盈利、转型、流量、探求、,"“思维之道，救赎于心。”――自创价值原型
“盈利于转型，流量成金海。”――自创价值原型
“因果循环中，悲悯众生心。”――自创价值原型"
3,自我、独立、心灵、热爱、栖居、认识、思想、定位、女性、发现、,"“认识你自己，方能认识人生。”――凝练自古希腊哲学家苏格拉底之言

“独立之精神，自由之思想，方为女性真本色。”――化用自陈寅恪之名言

“热爱可抵岁月漫长，心灵栖居是吾乡。”――融合古今意蕴之自创语句"
1,自然、和谐、共生、探索、简洁、融合、敬畏、理解、之美、平衡、,"“天人合一，道法自然。”――《老子》
“万物并育而不相害，道并行而不相悖。”――《中庸》
“大音希声，大象无形。”――《老子》"
2,思维、之道、救赎、因果、悲悯、之心、盈利、转型、流量、探求、,"“思则吾身在，道则吾心在。”――思维与之道，心身合一的探求。
“救赎之道，即在心中。”――悲悯之心，因果相生，自救救人。
“盈利非目的，转型方为道。”――流量之下，盈利与转型，探求长远之道。"
3,自我、独立、心灵、热爱、栖居、认识、思想、定位、女性、发现、,"“认识你自己。”――古希腊神庙铭文
“独立之精神，自由之思想。”――陈寅恪
“心灵有它自己的地盘，在那里可以把地狱变成天堂，也可以把天堂变成地狱。”――弥尔顿《失乐园》"
1,自然、和谐、共生、探索、简洁、融合、敬畏、理解、之美、平衡、,"“天人合一，道法自然。”――《老子》
“万物并育而不相害，道并行而不相悖。”――《中庸》
“大音希声，大象无形。”――《老子》"
2,思维、之道、救赎、因果、悲悯、之心、盈利、转型、流量、探求、,"“思则吾身，道则吾行，救赎在己，因果不爽。”――佚名
“悲悯之心，盈天地间，转型之路，流量成金。”――佚名
“探求不息，盈利有术，思维致远，之道在诚。”――佚名"
3,自我、独立、心灵、热爱、栖居、认识、思想、定位、女性、发现、,"“认识你自己。”――古希腊神庙铭文
“独立之精神，自由之思想。”――陈寅恪
“心灵是自己的地方，在那里可以把地狱变成天堂，也可以把天堂变成地狱。”――弥尔顿《失乐园》"
